{"count":1,"gauges":{},"self":32.6853504,"total":33.187418799999996,"children":{"AgentResetIfDone":{"count":1651,"self":0.0090469,"total":0.0090469,"children":null},"AgentSendState":{"count":1651,"self":0.0464811,"total":0.45080529999999996,"children":{"CollectObservations":{"count":19812,"self":0.40432419999999997,"total":0.40432419999999997,"children":null}}},"DecideAction":{"count":1651,"self":0.0110434,"total":0.0110434,"children":null},"AcademyStep":{"count":1651,"self":0.0009979,"total":0.0009979,"children":null},"AgentAct":{"count":1651,"self":0.029174799999999997,"total":0.029174799999999997,"children":null}}}